ticker,date,compound
AAPL,2019-03-04,0.1101227405247812
AAPL,2019-03-05,0.09178255813953505
AAPL,2019-03-06,0.06047088607594945
AAPL,2019-03-07,0.0735574144486692
AAPL,2019-03-08,0.11492780082987564
AAPL,2019-03-09,0.16783653846153865
AAPL,2019-03-10,0.06490813953488371
AAPL,2019-03-11,0.10394306122448979
AAPL,2019-03-12,0.10517484909456731
AAPL,2019-03-13,0.08249396325459292
AAPL,2019-03-14,0.12364024390243905
AAPL,2019-03-15,0.129778125
AAPL,2019-03-16,0.10450166666666666
AAPL,2019-03-17,0.1592845070422536
AAPL,2019-03-18,0.1121136363636364
AAPL,2019-03-19,0.12942692307692305
AAPL,2019-03-20,0.0484409090909091
AAPL,2019-03-21,0.134659793814433
AAPL,2019-03-22,0.09967866666666673
AAPL,2019-03-23,0.21501465968586367
AAPL,2019-03-24,0.10601861471861483
AAPL,2019-03-25,0.1017736199316077
AAPL,2019-03-26,0.08617257683215145
AAPL,2019-03-27,0.08047792207792201
AAPL,2019-03-28,0.07092397408207332
AAPL,2019-03-29,0.011139084952291581
ABBV,2019-03-04,0.09337333333333332
ABBV,2019-03-05,0.11955
ABBV,2019-03-06,0.12405555555555552
ABBV,2019-03-07,0.14407619047619052
ABBV,2019-03-08,0.16787647058823527
ABBV,2019-03-10,0.09889166666666667
ABBV,2019-03-11,0.3694294117647059
ABBV,2019-03-12,0.22757826086956523
ABBV,2019-03-13,0.1340375
ABBV,2019-03-14,0.12890833333333332
ABBV,2019-03-15,0.040782758620689634
ABBV,2019-03-18,-0.033827777777777776
ABBV,2019-03-19,-0.07699024390243903
ABBV,2019-03-20,0.042844000000000014
ABBV,2019-03-21,-0.06893
ABBV,2019-03-22,0.17043333333333333
ABBV,2019-03-23,-0.0001764705882353008
ABBV,2019-03-24,0.12393125
ABBV,2019-03-25,0.13981584158415847
ABBV,2019-03-26,0.2689120370370372
ABBV,2019-03-27,0.20932105263157907
ABBV,2019-03-28,0.09899430894308953
ABBV,2019-03-29,0.05112291666666666
ABT,2019-03-04,0.1806
ABT,2019-03-05,0.30643750000000003
ABT,2019-03-06,-0.1366
ABT,2019-03-07,0.4033
ABT,2019-03-08,-0.007816666666666666
ABT,2019-03-09,0.15479230769230767
ABT,2019-03-10,0.2553
ABT,2019-03-11,0.20424000000000003
ABT,2019-03-13,-0.04683749999999999
ABT,2019-03-14,0.20131818181818184
ABT,2019-03-15,0.1842625
ABT,2019-03-16,0.30187272727272724
ABT,2019-03-17,0.12134137931034482
ABT,2019-03-18,0.14613333333333334
ABT,2019-03-19,-0.003542857142857143
ABT,2019-03-20,0.295975
ABT,2019-03-21,0.07925
ABT,2019-03-22,0.12295999999999999
ABT,2019-03-23,0.15427199999999996
ABT,2019-03-24,0.09388333333333332
ABT,2019-03-25,0.021150000000000006
ABT,2019-03-26,0.1274
ABT,2019-03-27,0.16071875000000002
ABT,2019-03-28,0.11561999999999999
ABT,2019-03-29,0.1608888888888889
ADBE,2019-03-04,0.14985
ADBE,2019-03-05,0.433525
ADBE,2019-03-06,-0.10928
ADBE,2019-03-07,0.35539999999999994
ADBE,2019-03-09,0.06807647058823525
ADBE,2019-03-10,0.1779
ADBE,2019-03-11,0.0
ADBE,2019-03-12,0.041666666666666664
ADBE,2019-03-13,0.074
ADBE,2019-03-14,0.15009999999999998
ADBE,2019-03-15,-0.026096666666666678
ADBE,2019-03-16,0.185539534883721
ADBE,2019-03-17,0.04116666666666667
ADBE,2019-03-18,0.233975
ADBE,2019-03-19,0.074
ADBE,2019-03-20,0.09866666666666667
ADBE,2019-03-21,0.2976529411764706
ADBE,2019-03-22,0.0
ADBE,2019-03-23,0.018795
ADBE,2019-03-24,0.1277888888888889
ADBE,2019-03-25,0.13337731092436958
ADBE,2019-03-26,0.16450488215488093
ADBE,2019-03-27,0.15626766615737211
ADBE,2019-03-28,0.1521235234422577
ADBE,2019-03-29,0.1461704318062129
AMGN,2019-03-04,0.6191666666666668
AMGN,2019-03-05,-0.06205999999999999
AMGN,2019-03-06,-0.12726666666666667
AMGN,2019-03-07,-0.04104
AMGN,2019-03-08,0.28508888888888895
AMGN,2019-03-09,0.08841875
AMGN,2019-03-10,0.4019
AMGN,2019-03-11,0.26325
AMGN,2019-03-12,0.17
AMGN,2019-03-13,0.24695
AMGN,2019-03-14,0.0
AMGN,2019-03-15,0.0
AMGN,2019-03-16,0.20096875
AMGN,2019-03-17,0.2309
AMGN,2019-03-18,0.18788
AMGN,2019-03-19,0.26990000000000003
AMGN,2019-03-20,0.0
AMGN,2019-03-22,-0.15300000000000002
AMGN,2019-03-23,0.11545000000000001
AMGN,2019-03-24,0.0706
AMGN,2019-03-25,0.25509824561403516
AMGN,2019-03-26,0.18599743589743586
AMGN,2019-03-27,0.12826981132075468
AMGN,2019-03-28,0.12902765957446816
AMGN,2019-03-29,0.10388085106382978
AMZN,2019-03-04,0.20350327868852452
AMZN,2019-03-05,0.20640972222222237
AMZN,2019-03-06,0.04933999999999998
AMZN,2019-03-07,0.08825319148936174
AMZN,2019-03-08,0.15022452830188673
AMZN,2019-03-09,0.14219807692307704
AMZN,2019-03-10,0.25952
AMZN,2019-03-11,0.1043571428571429
AMZN,2019-03-12,0.07696896551724138
AMZN,2019-03-13,0.2399526315789473
AMZN,2019-03-14,0.13176296296296305
AMZN,2019-03-15,0.10193823529411766
AMZN,2019-03-16,0.18555370370370394
AMZN,2019-03-17,0.25704054054054065
AMZN,2019-03-18,0.09604999999999998
AMZN,2019-03-19,0.23293333333333335
AMZN,2019-03-20,0.2712695652173914
AMZN,2019-03-21,0.26842181818181815
AMZN,2019-03-22,0.16061052631578943
AMZN,2019-03-23,0.15491111111111117
AMZN,2019-03-24,0.1219445652173914
AMZN,2019-03-25,0.13349037433155062
AMZN,2019-03-26,0.10803060240963842
AMZN,2019-03-27,0.1096121287128709
AMZN,2019-03-28,0.12009134615384537
AMZN,2019-03-29,0.1396067861715734
AVGO,2019-03-05,0.0
AVGO,2019-03-06,0.34356666666666663
AVGO,2019-03-07,0.09866666666666667
AVGO,2019-03-08,-0.18603333333333336
AVGO,2019-03-09,-0.11017272727272727
AVGO,2019-03-10,0.27495
AVGO,2019-03-11,0.6369
AVGO,2019-03-12,0.296
AVGO,2019-03-13,0.04126666666666666
AVGO,2019-03-14,0.08055666666666667
AVGO,2019-03-15,0.11845714285714289
AVGO,2019-03-16,0.1525630952380951
AVGO,2019-03-17,0.03707027027027028
AVGO,2019-03-18,-0.03232857142857143
AVGO,2019-03-19,0.11263333333333335
AVGO,2019-03-20,-0.10206666666666668
AVGO,2019-03-21,0.1779
AVGO,2019-03-22,0.074
AVGO,2019-03-23,0.1487777777777777
AVGO,2019-03-24,0.13125454545454546
AVGO,2019-03-25,0.17896666666666666
AVGO,2019-03-26,0.16025052631578954
AVGO,2019-03-27,0.14351923076923073
AVGO,2019-03-28,0.09693030303030294
AVGO,2019-03-29,0.15899999999999995
BA,2019-03-04,0.11262258064516129
BA,2019-03-05,0.06279545454545453
BA,2019-03-06,0.09055882352941179
BA,2019-03-07,0.07060333333333332
BA,2019-03-08,0.15672571428571427
BA,2019-03-09,0.08606296296296297
BA,2019-03-10,-0.07753720930232558
BA,2019-03-11,-0.054555227882037594
BA,2019-03-12,-0.0008622994652406664
BA,2019-03-13,-0.05764416640654797
BA,2019-03-14,-0.07404939931774591
BA,2019-03-15,-0.08873340246697728
BA,2019-03-16,-0.08628131472800742
BA,2019-03-17,-0.08843253613213921
BA,2019-03-18,-0.05721319948740239
BA,2019-03-19,-0.013032098408104481
BA,2019-03-20,-0.058158603928981915
BA,2019-03-21,-0.023230558813868117
BA,2019-03-22,-0.041396760665223555
BA,2019-03-23,-0.045995794099183265
BA,2019-03-24,-0.04733910022778966
BA,2019-03-25,0.004304097552228478
BA,2019-03-26,-0.09749792854275435
BA,2019-03-27,-0.06836836534459342
BA,2019-03-28,-0.05139756308996237
BA,2019-03-29,-0.10818527913159075
BAC,2019-03-04,0.05881433756805782
BAC,2019-03-05,0.08073333333333348
BAC,2019-03-06,0.08446719492868429
BAC,2019-03-07,0.09502149532710272
BAC,2019-03-08,0.12393462500000013
BAC,2019-03-09,0.04927504798464459
BAC,2019-03-10,0.07966603260869565
BAC,2019-03-11,0.06038839050131929
BAC,2019-03-12,0.06478027586206919
BAC,2019-03-13,0.08170456852791862
BAC,2019-03-14,0.07799495677233441
BAC,2019-03-15,0.06837239583333331
BAC,2019-03-16,0.031550326797385383
BAC,2019-03-17,0.0575751824817516
BAC,2019-03-18,0.0583277683134582
BAC,2019-03-19,0.026344172494172292
BAC,2019-03-20,0.08883681868743051
BAC,2019-03-21,0.07431238578680224
BAC,2019-03-22,0.14991114599686048
BAC,2019-03-23,0.11694887820512814
BAC,2019-03-24,0.1820748299319727
BAC,2019-03-25,0.1085950963222418
BAC,2019-03-26,0.055173505154639646
BAC,2019-03-27,0.07687943548387213
BAC,2019-03-28,0.15896135508155593
BAC,2019-03-29,0.11437947295423072
BRK,2019-03-04,0.0
BRK,2019-03-05,0.1531
BRK,2019-03-07,0.8271
BRK,2019-03-09,0.15293333333333334
BRK,2019-03-11,0.6369
BRK,2019-03-13,0.3612
BRK,2019-03-14,0.01100000000000001
BRK,2019-03-15,0.0
BRK,2019-03-16,0.0172
BRK,2019-03-18,0.5106
BRK,2019-03-19,0.0
BRK,2019-03-20,0.0
BRK,2019-03-21,0.0516
BRK,2019-03-22,0.0
BRK,2019-03-23,0.2598826086956521
BRK,2019-03-24,0.2884209302325583
BRK,2019-03-25,0.1710748768472906
BRK,2019-03-26,0.23341724137931036
BRK,2019-03-27,0.2576688524590158
BRK,2019-03-28,0.26945972222222203
BRK,2019-03-29,0.2583642487046629
C,2019-03-04,-0.0459
C,2019-03-05,0.03139
C,2019-03-06,-0.16386666666666666
C,2019-03-07,-0.07024999999999999
C,2019-03-08,-0.06059333333333332
C,2019-03-09,-0.08215
C,2019-03-10,0.2732
C,2019-03-11,0.0408625
C,2019-03-12,0.09628333333333333
C,2019-03-13,0.14551666666666668
C,2019-03-14,0.09131428571428571
C,2019-03-15,-0.41416000000000003
C,2019-03-16,0.08789130434782609
C,2019-03-17,0.1759409090909091
C,2019-03-18,0.04046
C,2019-03-19,0.0
C,2019-03-20,0.0
C,2019-03-21,0.05879999999999999
C,2019-03-22,-0.12211111111111111
C,2019-03-23,-0.09739338842975205
C,2019-03-24,-0.016122727272727292
C,2019-03-25,0.021286440677966204
C,2019-03-26,0.02908422818791947
C,2019-03-27,-0.03747500000000003
C,2019-03-28,0.05100000000000001
C,2019-03-29,0.02419296875000001
CMCSA,2019-03-04,0.29295
CMCSA,2019-03-05,0.0
CMCSA,2019-03-06,0.011399999999999993
CMCSA,2019-03-07,0.5106
CMCSA,2019-03-08,-0.2732
CMCSA,2019-03-09,0.0492875
CMCSA,2019-03-10,0.36345
CMCSA,2019-03-11,0.0
CMCSA,2019-03-12,0.17454999999999998
CMCSA,2019-03-13,0.16215
CMCSA,2019-03-14,0.0
CMCSA,2019-03-15,0.045533333333333335
CMCSA,2019-03-16,0.15761000000000003
CMCSA,2019-03-17,0.18356250000000002
CMCSA,2019-03-18,0.032
CMCSA,2019-03-19,0.0
CMCSA,2019-03-20,0.0
CMCSA,2019-03-21,0.1326166666666667
CMCSA,2019-03-22,-0.12287142857142855
CMCSA,2019-03-23,0.014549072753209462
CMCSA,2019-03-24,-0.010744215938303658
CMCSA,2019-03-25,0.09632029470863934
CMCSA,2019-03-26,0.0705231980115994
CMCSA,2019-03-27,0.10594163636363686
CMCSA,2019-03-28,0.07535706760316156
CMCSA,2019-03-29,0.05671482587064718
CRM,2019-03-04,0.14069411764705878
CRM,2019-03-05,0.11479878048780484
CRM,2019-03-06,0.08797666666666665
CRM,2019-03-07,0.016835294117647052
CRM,2019-03-08,0.1325470588235294
CRM,2019-03-09,0.08425306122448978
CRM,2019-03-10,0.3034
CRM,2019-03-11,0.08038
CRM,2019-03-12,0.0
CRM,2019-03-13,0.012762499999999996
CRM,2019-03-14,0.27105
CRM,2019-03-15,0.301525
CRM,2019-03-16,0.18035789473684208
CRM,2019-03-17,0.23364545454545455
CRM,2019-03-18,0.17206666666666667
CRM,2019-03-19,0.5106
CRM,2019-03-20,0.17
CRM,2019-03-21,0.10726666666666666
CRM,2019-03-22,0.21710833333333335
CRM,2019-03-23,0.1350944444444444
CRM,2019-03-24,0.14294999999999997
CRM,2019-03-25,0.25895079365079265
CRM,2019-03-26,0.2546081285444223
CRM,2019-03-27,0.1552142301038049
CRM,2019-03-28,0.15082885295603846
CRM,2019-03-29,0.1829358192090382
CSCO,2019-03-04,0.1105318785578743
CSCO,2019-03-05,0.2078145668135106
CSCO,2019-03-06,0.10738886017058642
CSCO,2019-03-07,0.11286203110704586
CSCO,2019-03-08,0.11389969500571864
CSCO,2019-03-09,0.14275319905213313
CSCO,2019-03-10,0.14147409090909052
CSCO,2019-03-11,0.10977417771232215
CSCO,2019-03-12,0.14817577840679333
CSCO,2019-03-13,0.15469515002055095
CSCO,2019-03-14,0.11519387613082784
CSCO,2019-03-15,0.20190547201336892
CSCO,2019-03-16,0.11758621621621712
CSCO,2019-03-17,0.11898804755944999
CSCO,2019-03-18,0.12674984241332735
CSCO,2019-03-19,0.1470356810868789
CSCO,2019-03-20,0.1456356677062642
CSCO,2019-03-21,0.11817394518016572
CSCO,2019-03-22,0.164417978574754
CSCO,2019-03-23,0.08094070897655847
CSCO,2019-03-24,0.11235924633635802
CSCO,2019-03-25,0.11482752941176462
CSCO,2019-03-26,0.14703929986789957
CSCO,2019-03-27,0.11525713841368464
CSCO,2019-03-28,0.08981856353591108
CSCO,2019-03-29,0.125946660181583
CVX,2019-03-04,0.10508489666136697
CVX,2019-03-05,0.10400208845208804
CVX,2019-03-06,0.09605749674054724
CVX,2019-03-07,0.0980260465116277
CVX,2019-03-08,0.09574208211143662
CVX,2019-03-09,0.10018816568047308
CVX,2019-03-10,0.0833255999999999
CVX,2019-03-11,0.09931971326164854
CVX,2019-03-12,0.11527972027971994
CVX,2019-03-13,0.11609305555555514
CVX,2019-03-14,0.10463804824561368
CVX,2019-03-15,0.12478333333333294
CVX,2019-03-16,0.11606785714285671
CVX,2019-03-17,0.1259790281329922
CVX,2019-03-18,0.1097128906249998
CVX,2019-03-19,0.11217451790633567
CVX,2019-03-20,0.07877386861313833
CVX,2019-03-21,0.10715729813664558
CVX,2019-03-22,0.0846511904761901
CVX,2019-03-23,0.07997213114754068
CVX,2019-03-24,0.07533431372548986
CVX,2019-03-25,0.07832784992784961
CVX,2019-03-26,0.08242216427640124
CVX,2019-03-27,0.10009358059914371
CVX,2019-03-28,0.10763246575342433
CVX,2019-03-29,0.11383646616541321
DIS,2019-03-04,-0.03547692307692307
DIS,2019-03-05,0.04293999999999999
DIS,2019-03-06,0.162
DIS,2019-03-07,0.19063278688524585
DIS,2019-03-08,0.05933333333333332
DIS,2019-03-09,0.13465945945945945
DIS,2019-03-10,0.15990833333333335
DIS,2019-03-11,0.23634
DIS,2019-03-12,0.12072142857142858
DIS,2019-03-13,0.07582380952380954
DIS,2019-03-14,0.07294285714285716
DIS,2019-03-15,0.07627500000000001
DIS,2019-03-16,0.1655805555555556
DIS,2019-03-17,0.22403750000000006
DIS,2019-03-18,0.10109090909090906
DIS,2019-03-19,0.0864785714285714
DIS,2019-03-20,0.18212307692307692
DIS,2019-03-21,0.0764048780487805
DIS,2019-03-22,0.10815500000000003
DIS,2019-03-23,0.08837663434730143
DIS,2019-03-24,0.09072935643402971
DIS,2019-03-25,0.09827065127274773
DIS,2019-03-26,0.09817551175362207
DIS,2019-03-27,0.09141177040671594
DIS,2019-03-28,0.07795444370916582
DIS,2019-03-29,0.0944252915972357
DWDP,2019-03-04,0.0
DWDP,2019-03-05,0.0
DWDP,2019-03-06,0.0
DWDP,2019-03-07,0.0
DWDP,2019-03-08,0.24695
DWDP,2019-03-09,0.14272
DWDP,2019-03-10,0.0
DWDP,2019-03-11,0.0
DWDP,2019-03-12,0.6597
DWDP,2019-03-13,0.0
DWDP,2019-03-15,0.0
DWDP,2019-03-16,0.05900000000000001
DWDP,2019-03-18,0.074
DWDP,2019-03-19,0.025733333333333334
DWDP,2019-03-21,0.001625
DWDP,2019-03-22,0.44455
DWDP,2019-03-23,0.05016666666666666
DWDP,2019-03-24,0.0
DWDP,2019-03-25,-0.0287
DWDP,2019-03-26,0.03896290322580645
DWDP,2019-03-27,0.024266071428571432
DWDP,2019-03-28,-0.06486111111111112
DWDP,2019-03-29,-0.06901484375
FB,2019-03-04,0.06630512820512821
FB,2019-03-05,0.07771125000000002
FB,2019-03-06,0.11059545454545454
FB,2019-03-07,0.04498644067796613
FB,2019-03-08,0.11044615384615385
FB,2019-03-09,0.13977608695652172
FB,2019-03-10,0.13775624999999997
FB,2019-03-11,0.09983250000000002
FB,2019-03-12,0.08399402985074625
FB,2019-03-13,0.06079382716049384
FB,2019-03-14,0.007576100628930933
FB,2019-03-15,-0.015279999999999985
FB,2019-03-16,0.010348507462686542
FB,2019-03-17,0.020892222222222256
FB,2019-03-18,0.03887916666666661
FB,2019-03-19,-0.09838461538461538
FB,2019-03-20,0.05895333333333332
FB,2019-03-21,0.03398157894736844
FB,2019-03-22,0.02114333333333333
FB,2019-03-23,0.011655384615384571
FB,2019-03-24,0.01778208955223881
FB,2019-03-25,0.09379657534246569
FB,2019-03-26,0.061969461077844346
FB,2019-03-27,0.010667005076142147
FB,2019-03-28,-0.03904556213017762
FB,2019-03-29,0.008821920668058352
GOOG,2019-03-04,0.26644444444444443
GOOG,2019-03-05,0.044000000000000004
GOOG,2019-03-06,0.011945454545454553
GOOG,2019-03-07,0.09327777777777779
GOOG,2019-03-08,0.06020909090909092
GOOG,2019-03-09,0.07547222222222223
GOOG,2019-03-10,0.12765
GOOG,2019-03-11,-0.03704285714285714
GOOG,2019-03-12,0.03553333333333334
GOOG,2019-03-13,-0.015599999999999989
GOOG,2019-03-14,0.016079999999999994
GOOG,2019-03-15,0.0823529411764706
GOOG,2019-03-16,-0.05672962962962962
GOOG,2019-03-17,0.07233076923076924
GOOG,2019-03-18,0.03535555555555554
GOOG,2019-03-19,0.20253333333333334
GOOG,2019-03-20,0.09899999999999999
GOOG,2019-03-21,0.0
GOOG,2019-03-22,0.0003200000000000092
GOOG,2019-03-23,0.1283086956521739
GOOG,2019-03-24,0.17284444444444444
GOOG,2019-03-25,0.10572
GOOG,2019-03-26,0.07155249999999999
GOOG,2019-03-27,0.07186595744680847
GOOG,2019-03-28,0.06454000000000001
GOOG,2019-03-29,0.03660089887640448
HD,2019-03-04,0.20095
HD,2019-03-05,-0.11086
HD,2019-03-06,0.04228571428571428
HD,2019-03-07,0.36524999999999996
HD,2019-03-08,0.2553
HD,2019-03-09,0.2167083333333333
HD,2019-03-10,-0.125
HD,2019-03-11,0.0
HD,2019-03-12,0.25757500000000005
HD,2019-03-13,-0.12039999999999998
HD,2019-03-14,0.0
HD,2019-03-15,0.09622727272727273
HD,2019-03-16,0.3084625
HD,2019-03-17,0.14408571428571432
HD,2019-03-18,0.006700000000000002
HD,2019-03-19,0.0
HD,2019-03-20,0.15355
HD,2019-03-21,0.2812
HD,2019-03-22,0.12115
HD,2019-03-23,0.25724165995165155
HD,2019-03-24,0.25226556836902847
HD,2019-03-25,0.23057616707616782
HD,2019-03-26,0.2618730656934319
HD,2019-03-27,0.212928067361669
HD,2019-03-28,0.23404872408293487
HD,2019-03-29,0.23061493710691805
HON,2019-03-06,0.0903
HON,2019-03-07,0.5106
HON,2019-03-08,0.296
HON,2019-03-09,0.059849999999999993
HON,2019-03-10,-0.012650000000000002
HON,2019-03-11,0.2668
HON,2019-03-12,0.296
HON,2019-03-13,0.0
HON,2019-03-14,0.17759999999999998
HON,2019-03-15,0.059199999999999996
HON,2019-03-16,0.30514444444444444
HON,2019-03-17,0.09534000000000001
HON,2019-03-18,0.09124285714285714
HON,2019-03-19,0.3612
HON,2019-03-20,0.0
HON,2019-03-21,0.0
HON,2019-03-22,0.0
HON,2019-03-23,0.043529411764705886
HON,2019-03-24,-0.047925
HON,2019-03-25,0.15906955128205105
HON,2019-03-26,0.15630845070422522
HON,2019-03-27,0.21348571428571378
HON,2019-03-28,0.15462890025575415
HON,2019-03-29,0.15637538461538442
IBM,2019-03-04,0.22481962616822423
IBM,2019-03-05,0.27554444444444404
IBM,2019-03-06,0.23754613778705594
IBM,2019-03-07,0.24295924170616082
IBM,2019-03-08,0.28446802413273065
IBM,2019-03-10,0.07394631578947343
IBM,2019-03-11,0.14744823529411752
IBM,2019-03-12,0.17742053824362553
IBM,2019-03-13,0.1634701793721977
IBM,2019-03-14,0.1674504032258065
IBM,2019-03-15,0.03998159569260947
IBM,2019-03-18,0.13821466346153818
IBM,2019-03-19,0.1859716502115654
IBM,2019-03-20,0.19326140350877158
IBM,2019-03-21,0.1935698010849906
IBM,2019-03-22,0.18911583710407226
IBM,2019-03-25,0.12448230852211399
IBM,2019-03-26,0.12860702685821385
IBM,2019-03-27,0.13115534743202614
IBM,2019-03-28,0.1411123835287056
IBM,2019-03-29,0.14540271646859093
INTC,2019-03-04,0.007740555058192637
INTC,2019-03-05,0.01023322490019226
INTC,2019-03-06,0.042374546177290896
INTC,2019-03-07,0.02264805373225414
INTC,2019-03-08,0.03947364682002913
INTC,2019-03-09,0.05845600451467445
INTC,2019-03-10,0.026305103806228063
INTC,2019-03-11,0.009042857142856941
INTC,2019-03-12,0.03797986100386155
INTC,2019-03-13,0.03311571216372341
INTC,2019-03-14,0.04593926108374375
INTC,2019-03-15,0.034758147882268685
INTC,2019-03-16,0.019347560657448647
INTC,2019-03-17,0.013424390804597532
INTC,2019-03-18,0.03820340280039074
INTC,2019-03-19,0.05609660460021981
INTC,2019-03-20,0.032402867848393406
INTC,2019-03-21,0.050845216268560804
INTC,2019-03-22,0.040408861684633084
INTC,2019-03-23,0.000943038185759206
INTC,2019-03-24,-0.002805815018315994
INTC,2019-03-25,-0.03818481270704389
INTC,2019-03-26,-0.01109482370592712
INTC,2019-03-27,0.003278060506563234
INTC,2019-03-28,-0.04371386065573583
INTC,2019-03-29,-0.029555216053702184
JNJ,2019-03-04,0.0425363636363637
JNJ,2019-03-05,-0.1029258064516129
JNJ,2019-03-06,0.010430434782608754
JNJ,2019-03-07,-0.07006041666666667
JNJ,2019-03-08,0.129135
JNJ,2019-03-09,0.14213636363636367
JNJ,2019-03-10,-0.07654761904761906
JNJ,2019-03-11,-0.025515625000000028
JNJ,2019-03-12,-0.004396666666666671
JNJ,2019-03-13,0.005540677966101696
JNJ,2019-03-14,0.2747813008130085
JNJ,2019-03-15,0.19027714285714284
JNJ,2019-03-16,0.16952653061224487
JNJ,2019-03-17,0.026481249999999987
JNJ,2019-03-18,0.15095714285714285
JNJ,2019-03-19,-0.01488000000000002
JNJ,2019-03-20,0.02976857142857142
JNJ,2019-03-21,0.14770833333333336
JNJ,2019-03-22,0.02408333333333331
JNJ,2019-03-23,0.08961794871794869
JNJ,2019-03-24,0.013655882352941148
JNJ,2019-03-25,-0.009971249999999985
JNJ,2019-03-26,0.13137183098591537
JNJ,2019-03-27,0.06628750000000001
JNJ,2019-03-28,0.06490714285714282
JNJ,2019-03-29,0.13450212765957448
JPM,2019-03-04,0.08841629353233837
JPM,2019-03-05,-0.048879040404039696
JPM,2019-03-06,-0.0222414448669194
JPM,2019-03-07,0.08749044368600688
JPM,2019-03-08,0.12510950226244408
JPM,2019-03-09,0.06405893648448803
JPM,2019-03-10,0.0653739208633082
JPM,2019-03-11,0.11045674676525073
JPM,2019-03-12,0.10131748344370917
JPM,2019-03-13,0.09916308203991171
JPM,2019-03-14,0.10232086956521853
JPM,2019-03-15,0.14798799999999845
JPM,2019-03-16,0.07329811643835507
JPM,2019-03-17,0.16834681528662337
JPM,2019-03-18,0.11809597249508876
JPM,2019-03-19,0.15325834782608858
JPM,2019-03-20,0.11694006557377021
JPM,2019-03-21,0.11726932773109244
JPM,2019-03-22,0.06334114285714335
JPM,2019-03-23,0.15400519801980253
JPM,2019-03-24,0.10111107296137486
JPM,2019-03-25,0.053333228593874446
JPM,2019-03-26,0.12618327683615932
JPM,2019-03-27,0.12098891235480638
JPM,2019-03-28,0.09607448015122973
JPM,2019-03-29,0.14825687763713236
KO,2019-03-04,0.14223333333333338
KO,2019-03-05,0.17416842105263156
KO,2019-03-06,0.0404103448275862
KO,2019-03-07,0.11124583333333328
KO,2019-03-08,0.0727421052631579
KO,2019-03-10,0.12913157894736843
KO,2019-03-11,0.12429473684210528
KO,2019-03-12,0.1272790697674419
KO,2019-03-13,0.10320784313725492
KO,2019-03-14,0.24367500000000003
KO,2019-03-15,0.09118947368421053
KO,2019-03-18,0.15097692307692312
KO,2019-03-19,0.18459600000000007
KO,2019-03-20,0.20074782608695654
KO,2019-03-21,-0.03653684210526316
KO,2019-03-22,0.07288333333333334
KO,2019-03-23,0.03481171422441541
KO,2019-03-24,0.04278730669116203
KO,2019-03-25,0.04664562140955375
KO,2019-03-26,0.02957691220132638
KO,2019-03-27,0.03930201096891889
KO,2019-03-28,0.032228906805783324
KO,2019-03-29,0.01141489333684407
LLY,2019-03-04,-0.029015789473684207
LLY,2019-03-05,-0.008570370370370384
LLY,2019-03-06,-0.14033809523809526
LLY,2019-03-07,-0.07479999999999999
LLY,2019-03-08,-0.03517692307692307
LLY,2019-03-09,0.17054117647058825
LLY,2019-03-10,0.12040000000000001
LLY,2019-03-11,0.025760000000000016
LLY,2019-03-12,0.19578
LLY,2019-03-13,0.233025
LLY,2019-03-14,0.19733333333333333
LLY,2019-03-15,0.2676
LLY,2019-03-16,0.22135833333333335
LLY,2019-03-17,0.23810000000000003
LLY,2019-03-18,0.11333333333333334
LLY,2019-03-19,0.4201
LLY,2019-03-20,0.25229
LLY,2019-03-21,0.3272
LLY,2019-03-22,-0.037
LLY,2019-03-23,0.0842
LLY,2019-03-24,0.2538842105263159
LLY,2019-03-25,0.07284000000000013
LLY,2019-03-26,0.14159090909090907
LLY,2019-03-27,0.09645576923076923
LLY,2019-03-28,0.18920652173913044
LLY,2019-03-29,0.12126829268292691
MA,2019-03-04,0.10994999999999999
MA,2019-03-05,0.5574
MA,2019-03-06,0.0
MA,2019-03-07,0.0
MA,2019-03-08,-0.057628571428571425
MA,2019-03-09,0.08627272727272722
MA,2019-03-11,0.2015
MA,2019-03-12,0.15245
MA,2019-03-13,0.24351428571428574
MA,2019-03-14,0.2534
MA,2019-03-15,0.0
MA,2019-03-16,0.03773999999999998
MA,2019-03-17,0.08403684210526315
MA,2019-03-18,0.17770000000000002
MA,2019-03-19,0.148
MA,2019-03-20,0.296
MA,2019-03-21,0.35881428571428575
MA,2019-03-22,0.3222
MA,2019-03-23,0.1959450248756211
MA,2019-03-24,0.0909165467625896
MA,2019-03-25,0.07885748205411387
MA,2019-03-26,0.11743405676126843
MA,2019-03-27,0.1652493896713616
MA,2019-03-28,0.16361495726495798
MA,2019-03-29,0.15916763959390837
MCD,2019-03-04,-0.017969999999999996
MCD,2019-03-05,0.39139999999999997
MCD,2019-03-06,0.4498
MCD,2019-03-07,0.0903
MCD,2019-03-08,0.0
MCD,2019-03-09,0.06665
MCD,2019-03-10,0.2104
MCD,2019-03-11,0.0
MCD,2019-03-12,0.1223
MCD,2019-03-13,0.0
MCD,2019-03-14,0.01544
MCD,2019-03-15,0.05247777777777777
MCD,2019-03-16,0.12286666666666668
MCD,2019-03-17,0.10705
MCD,2019-03-18,0.0
MCD,2019-03-19,0.23013333333333333
MCD,2019-03-20,0.0
MCD,2019-03-21,0.0
MCD,2019-03-22,0.0
MCD,2019-03-23,0.2644571428571429
MCD,2019-03-24,0.08677425918979421
MCD,2019-03-25,0.09139688611544153
MCD,2019-03-26,0.08590561653950587
MCD,2019-03-27,0.07399395127689747
MCD,2019-03-28,0.07207077542062795
MCD,2019-03-29,0.06772262685251376
MDT,2019-03-04,0.08543703703703699
MDT,2019-03-05,0.1512555555555556
MDT,2019-03-06,0.14193529411764705
MDT,2019-03-07,-0.07656875000000002
MDT,2019-03-08,0.018993750000000004
MDT,2019-03-10,0.19457692307692304
MDT,2019-03-11,0.18392400000000003
MDT,2019-03-12,0.05207058823529412
MDT,2019-03-13,0.32707
MDT,2019-03-14,0.2239615384615385
MDT,2019-03-15,0.24236111111111114
MDT,2019-03-18,0.21524285714285715
MDT,2019-03-19,0.2202
MDT,2019-03-23,0.07960000000000002
MDT,2019-03-24,0.01974
MDT,2019-03-25,0.022852328159644855
MDT,2019-03-26,0.061902238805969935
MDT,2019-03-27,0.12325852534562198
MDT,2019-03-28,0.0976712707182321
MDT,2019-03-29,0.13552844827586227
MMM,2019-03-04,0.045533333333333335
MMM,2019-03-05,0.0
MMM,2019-03-06,0.14985
MMM,2019-03-07,0.0
MMM,2019-03-08,0.14435714285714285
MMM,2019-03-09,0.10308888888888888
MMM,2019-03-10,0.24218
MMM,2019-03-11,0.2979
MMM,2019-03-12,0.2802
MMM,2019-03-13,-0.24695
MMM,2019-03-14,0.0
MMM,2019-03-15,0.031142857142857156
MMM,2019-03-16,0.21775384615384616
MMM,2019-03-17,0.2841222222222222
MMM,2019-03-18,0.059199999999999996
MMM,2019-03-19,0.12972
MMM,2019-03-20,0.27686666666666665
MMM,2019-03-21,0.0
MMM,2019-03-22,0.255725
MMM,2019-03-23,0.10618461538461538
MMM,2019-03-24,0.07887142857142856
MMM,2019-03-25,0.022975456658917443
MMM,2019-03-26,0.019839607150281
MMM,2019-03-27,0.03148208882381625
MMM,2019-03-28,0.02195056756756761
MMM,2019-03-29,0.02154903744852022
MRK,2019-03-04,0.061542857142857135
MRK,2019-03-05,0.19250666666666663
MRK,2019-03-06,-0.11323333333333334
MRK,2019-03-07,0.16138
MRK,2019-03-08,0.23012500000000002
MRK,2019-03-09,-0.060125000000000005
MRK,2019-03-10,0.366
MRK,2019-03-11,0.2562
MRK,2019-03-12,0.15928333333333333
MRK,2019-03-13,0.3122166666666667
MRK,2019-03-14,-0.07976666666666665
MRK,2019-03-15,0.2524125
MRK,2019-03-16,-0.03565714285714285
MRK,2019-03-17,0.15801666666666667
MRK,2019-03-18,0.5423
MRK,2019-03-19,0.0
MRK,2019-03-20,0.11839999999999999
MRK,2019-03-21,0.19063333333333332
MRK,2019-03-22,-0.17343333333333333
MRK,2019-03-23,0.005041767068273193
MRK,2019-03-24,0.038743295019157124
MRK,2019-03-25,0.13395959595959564
MRK,2019-03-26,-0.01573535353535361
MRK,2019-03-27,0.033537638376383336
MRK,2019-03-28,0.03318724202626631
MRK,2019-03-29,0.0725114942528727
MSFT,2019-03-04,0.13342195186692848
MSFT,2019-03-05,0.12366860047847418
MSFT,2019-03-06,0.11589342597926774
MSFT,2019-03-07,0.11718407213657155
MSFT,2019-03-08,0.12447394286706417
MSFT,2019-03-09,0.11298712203023398
MSFT,2019-03-10,0.11025417163289558
MSFT,2019-03-11,0.118878673398328
MSFT,2019-03-12,0.10553124756226943
MSFT,2019-03-13,0.0950918756213469
MSFT,2019-03-14,0.1098813498877391
MSFT,2019-03-15,0.11359567223014284
MSFT,2019-03-16,0.1071224227894475
MSFT,2019-03-17,0.0890181096231705
MSFT,2019-03-18,0.12863886340229963
MSFT,2019-03-19,0.12824694592886401
MSFT,2019-03-20,0.12985119720204838
MSFT,2019-03-21,0.1172608625856092
MSFT,2019-03-22,0.0970084244714076
MSFT,2019-03-23,0.09724442896935583
MSFT,2019-03-24,0.07997291293443198
MSFT,2019-03-25,0.11505169808553127
MSFT,2019-03-26,0.12409609734707945
MSFT,2019-03-27,0.11458099658036808
MSFT,2019-03-28,0.10973299746554134
MSFT,2019-03-29,0.10711614665822379
NFLX,2019-03-04,0.10914358974358972
NFLX,2019-03-05,0.025834210526315782
NFLX,2019-03-06,0.1793947368421053
NFLX,2019-03-07,0.029765624999999993
NFLX,2019-03-08,-0.030137499999999973
NFLX,2019-03-09,0.0202878048780488
NFLX,2019-03-10,0.09532500000000001
NFLX,2019-03-11,0.12640625
NFLX,2019-03-12,0.1794153846153846
NFLX,2019-03-13,0.1233736842105263
NFLX,2019-03-14,0.055180769230769214
NFLX,2019-03-15,0.11893636363636363
NFLX,2019-03-16,0.001762857142857139
NFLX,2019-03-17,0.14960784313725495
NFLX,2019-03-18,0.18358500000000003
NFLX,2019-03-19,0.03746000000000001
NFLX,2019-03-20,0.1240578947368421
NFLX,2019-03-21,0.1484653846153847
NFLX,2019-03-22,0.14698333333333333
NFLX,2019-03-23,0.05031403638248106
NFLX,2019-03-24,0.04466820291434439
NFLX,2019-03-25,0.041289286175292636
NFLX,2019-03-26,0.04833656796693032
NFLX,2019-03-27,0.05326489629864715
NFLX,2019-03-28,0.045251302994933074
NFLX,2019-03-29,0.03383837118752344
NKE,2019-03-04,0.19856666666666667
NKE,2019-03-05,0.16805
NKE,2019-03-06,0.28595
NKE,2019-03-07,0.05666666666666667
NKE,2019-03-08,0.14049999999999999
NKE,2019-03-09,0.155825
NKE,2019-03-10,-0.064
NKE,2019-03-11,-0.128675
NKE,2019-03-12,0.12725555555555554
NKE,2019-03-13,-0.09675
NKE,2019-03-14,0.055554545454545454
NKE,2019-03-15,0.08024
NKE,2019-03-16,0.12165263157894736
NKE,2019-03-17,0.03665652173913043
NKE,2019-03-18,0.15829166666666664
NKE,2019-03-19,0.15863333333333332
NKE,2019-03-20,-0.028414285714285715
NKE,2019-03-21,0.02538125
NKE,2019-03-22,0.12375384615384612
NKE,2019-03-23,0.07412535211267608
NKE,2019-03-24,0.02889833333333334
NKE,2019-03-25,-0.050928333333333305
NKE,2019-03-26,-0.01810375939849628
NKE,2019-03-27,-0.08618867924528303
NKE,2019-03-28,0.07540691633713245
NKE,2019-03-29,0.0676355836488455
ORCL,2019-03-04,0.0
ORCL,2019-03-05,0.3498333333333334
ORCL,2019-03-06,0.0
ORCL,2019-03-07,0.0
ORCL,2019-03-08,0.123475
ORCL,2019-03-09,0.20453684210526313
ORCL,2019-03-10,0.4268666666666667
ORCL,2019-03-11,0.0256
ORCL,2019-03-12,0.07974
ORCL,2019-03-13,-0.09894999999999998
ORCL,2019-03-14,0.1267076923076923
ORCL,2019-03-15,0.09218
ORCL,2019-03-16,0.11476481481481483
ORCL,2019-03-17,0.0575076923076923
ORCL,2019-03-18,0.24122000000000005
ORCL,2019-03-19,0.11615
ORCL,2019-03-20,0.11807142857142856
ORCL,2019-03-21,0.13248823529411766
ORCL,2019-03-22,0.10439999999999999
ORCL,2019-03-23,0.19650833333333337
ORCL,2019-03-24,0.18292307692307694
ORCL,2019-03-25,0.10902105263157894
ORCL,2019-03-26,0.04142380952380953
ORCL,2019-03-27,0.10619444444444442
ORCL,2019-03-28,0.17886363636363636
ORCL,2019-03-29,0.10303298728813583
PEP,2019-03-06,0.1909
PEP,2019-03-07,0.21619999999999998
PEP,2019-03-08,0.06331428571428573
PEP,2019-03-09,0.12505294117647056
PEP,2019-03-10,-0.07655
PEP,2019-03-11,0.0
PEP,2019-03-12,0.273
PEP,2019-03-13,0.5106
PEP,2019-03-15,0.11970000000000001
PEP,2019-03-16,0.17818888888888884
PEP,2019-03-17,0.2769333333333333
PEP,2019-03-18,0.25944
PEP,2019-03-19,0.34
PEP,2019-03-20,0.0
PEP,2019-03-21,0.22555
PEP,2019-03-22,0.11074999999999999
PEP,2019-03-23,0.04721909472422081
PEP,2019-03-24,0.04388173503325965
PEP,2019-03-25,0.05525569230769243
PEP,2019-03-26,0.035909387562071446
PEP,2019-03-27,0.035512684076183354
PEP,2019-03-28,0.05402818874922837
PEP,2019-03-29,0.03141829579260451
PFE,2019-03-04,0.05913212996389884
PFE,2019-03-05,0.07867765151515148
PFE,2019-03-06,0.009688105726872174
PFE,2019-03-07,0.11257172131147523
PFE,2019-03-08,0.08314049586776817
PFE,2019-03-09,0.07309854014598538
PFE,2019-03-10,0.062068085106382925
PFE,2019-03-11,0.11164605263157867
PFE,2019-03-12,0.09277654986522868
PFE,2019-03-13,0.04359188144329876
PFE,2019-03-14,0.06533208556149704
PFE,2019-03-15,0.09651434599156107
PFE,2019-03-16,0.10292302158273384
PFE,2019-03-17,0.10011390374331557
PFE,2019-03-18,0.07961191335740081
PFE,2019-03-19,0.07627230769230775
PFE,2019-03-20,0.028055197132616633
PFE,2019-03-21,0.04741473684210518
PFE,2019-03-22,0.04877762237762242
PFE,2019-03-23,0.05934719101123591
PFE,2019-03-24,0.06442139917695477
PFE,2019-03-25,0.10009447236180902
PFE,2019-03-26,0.10088795180722869
PFE,2019-03-27,0.12793768996960475
PFE,2019-03-28,0.06737044025157228
PFE,2019-03-29,0.15967130801687748
PG,2019-03-04,0.20504375000000002
PG,2019-03-05,0.13695714285714283
PG,2019-03-06,0.10537272727272727
PG,2019-03-07,0.1326333333333333
PG,2019-03-08,0.19925
PG,2019-03-09,0.21337619047619047
PG,2019-03-10,0.35555000000000003
PG,2019-03-11,0.15020714285714284
PG,2019-03-12,0.09746499999999998
PG,2019-03-13,0.05867647058823528
PG,2019-03-14,0.10143888888888888
PG,2019-03-15,0.11183999999999998
PG,2019-03-16,0.08951249999999998
PG,2019-03-17,0.10060000000000001
PG,2019-03-18,0.10647142857142856
PG,2019-03-19,0.14708666666666664
PG,2019-03-20,0.1176764705882353
PG,2019-03-21,0.027800000000000002
PG,2019-03-22,0.11454285714285714
PG,2019-03-23,0.03536296296296296
PG,2019-03-24,0.059021052631578946
PG,2019-03-25,0.03892000000000002
PG,2019-03-26,0.14033181818181817
PG,2019-03-27,0.23608387096774203
PG,2019-03-28,0.08938545454545456
PG,2019-03-29,0.07684347826086958
PM,2019-03-04,0.05805333333333332
PM,2019-03-05,0.05129473684210523
PM,2019-03-06,0.2388839999999999
PM,2019-03-07,0.007581249999999991
PM,2019-03-08,-0.01566399999999999
PM,2019-03-10,-0.0683
PM,2019-03-11,0.17472000000000004
PM,2019-03-12,0.05628888888888888
PM,2019-03-13,0.008919999999999983
PM,2019-03-14,0.09749999999999999
PM,2019-03-15,0.056755
PM,2019-03-18,0.02055384615384618
PM,2019-03-19,0.0996230769230769
PM,2019-03-20,0.2033
PM,2019-03-21,-0.004233333333333334
PM,2019-03-22,0.0
PM,2019-03-23,0.01980624999999999
PM,2019-03-24,0.0654904761904762
PM,2019-03-25,-0.026340740740740744
PM,2019-03-26,0.11848181818181817
PM,2019-03-27,0.03593103448275861
PM,2019-03-28,0.12482499999999999
PM,2019-03-29,0.16909999999999994
PYPL,2019-03-04,0.11773333333333331
PYPL,2019-03-05,0.0
PYPL,2019-03-06,0.0
PYPL,2019-03-07,0.074
PYPL,2019-03-08,0.19783333333333333
PYPL,2019-03-09,0.034899999999999994
PYPL,2019-03-10,0.0
PYPL,2019-03-11,0.5734166666666667
PYPL,2019-03-12,-0.056575
PYPL,2019-03-13,-0.049300000000000004
PYPL,2019-03-14,0.23916666666666667
PYPL,2019-03-15,-0.10369999999999999
PYPL,2019-03-16,0.19657692307692304
PYPL,2019-03-17,0.10133571428571428
PYPL,2019-03-18,0.84735
PYPL,2019-03-20,0.0172
PYPL,2019-03-21,0.059199999999999996
PYPL,2019-03-22,-0.6249
PYPL,2019-03-23,0.153
PYPL,2019-03-24,0.08212857142857143
PYPL,2019-03-25,0.13404247089748103
PYPL,2019-03-26,0.12087105983109012
PYPL,2019-03-27,0.12082450483091449
PYPL,2019-03-28,0.12427935453803797
PYPL,2019-03-29,0.1358398727465521
T,2019-03-04,0.06885333333333334
T,2019-03-05,0.1742272727272727
T,2019-03-06,-0.06671
T,2019-03-07,0.02201333333333333
T,2019-03-08,0.09803333333333335
T,2019-03-09,0.0447923076923077
T,2019-03-10,0.06570769230769231
T,2019-03-11,0.37605
T,2019-03-12,0.08053333333333335
T,2019-03-13,0.14218333333333333
T,2019-03-14,-0.004583333333333346
T,2019-03-15,0.08779
T,2019-03-16,0.03963611111111112
T,2019-03-17,0.21209032258064522
T,2019-03-18,0.1283
T,2019-03-19,0.006024999999999989
T,2019-03-20,-0.125
T,2019-03-21,0.15401428571428571
T,2019-03-22,0.30405454545454547
T,2019-03-23,0.11052222222222222
T,2019-03-24,0.18474634146341462
T,2019-03-25,0.0052858131487858225
T,2019-03-26,-0.0048718394764038
T,2019-03-27,0.0075301707835056
T,2019-03-28,0.010390006138046668
T,2019-03-29,0.10681840854326045
UNH,2019-03-04,0.012962500000000009
UNH,2019-03-05,0.11717999999999999
UNH,2019-03-06,0.3612
UNH,2019-03-07,0.1806
UNH,2019-03-08,-0.1809
UNH,2019-03-09,0.3941666666666667
UNH,2019-03-11,0.1591
UNH,2019-03-12,0.0086
UNH,2019-03-13,0.05135
UNH,2019-03-14,0.0
UNH,2019-03-15,0.364025
UNH,2019-03-16,0.0
UNH,2019-03-17,0.059199999999999996
UNH,2019-03-18,0.14049999999999999
UNH,2019-03-19,0.2263
UNH,2019-03-20,0.1034
UNH,2019-03-21,0.349025
UNH,2019-03-22,0.296
UNH,2019-03-24,0.0
UNH,2019-03-25,0.4088
UNH,2019-03-26,0.09994761904761902
UNH,2019-03-27,0.09466363636363635
UNH,2019-03-28,0.27993333333333337
UNH,2019-03-29,0.16179166666666667
UNP,2019-03-04,0.26161724137931036
UNP,2019-03-05,0.13200322580645163
UNP,2019-03-06,0.13358813559322047
UNP,2019-03-07,0.1689892473118281
UNP,2019-03-08,0.20040232558139548
UNP,2019-03-09,0.26457115384615376
UNP,2019-03-10,0.1883142857142857
UNP,2019-03-11,0.327780701754386
UNP,2019-03-12,0.13080097087378623
UNP,2019-03-13,0.16710185185185206
UNP,2019-03-14,0.10692957746478869
UNP,2019-03-15,0.3015982142857143
UNP,2019-03-16,0.25447547169811324
UNP,2019-03-17,0.3567666666666665
UNP,2019-03-18,-0.1677985714285715
UNP,2019-03-19,0.03150465116279065
UNP,2019-03-20,0.30558470588235337
UNP,2019-03-21,0.22116739130434784
UNP,2019-03-22,0.2558476190476191
UNP,2019-03-23,0.21223953488372085
UNP,2019-03-24,0.25328604651162784
UNP,2019-03-25,0.18972429906542085
UNP,2019-03-26,0.16108776978417294
UNP,2019-03-27,0.19644732142857174
UNP,2019-03-28,0.1902333333333334
UNP,2019-03-29,0.14944671532846743
V,2019-03-04,0.04067000000000001
V,2019-03-05,0.0009724999999999956
V,2019-03-06,0.5138
V,2019-03-07,-0.16949117647058823
V,2019-03-08,0.19513333333333335
V,2019-03-09,-0.11213205128205125
V,2019-03-10,-0.0005321839080459593
V,2019-03-11,-0.03459036144578318
V,2019-03-12,0.044960810810810777
V,2019-03-13,0.213
V,2019-03-14,0.11145454545454547
V,2019-03-15,0.2735230769230769
V,2019-03-16,0.07542083333333328
V,2019-03-17,0.029466196225129887
V,2019-03-18,0.053101979572494774
V,2019-03-19,0.05191509892689457
V,2019-03-20,0.06984219249028713
V,2019-03-21,0.050864512503511504
V,2019-03-22,0.0397259166190734
V,2019-03-23,0.045340055370981666
V,2019-03-24,0.06608094893154372
V,2019-03-25,0.06875045412418798
V,2019-03-26,0.061600026783321854
V,2019-03-27,0.07307850897376844
V,2019-03-28,0.057483460723822474
V,2019-03-29,0.06655616412572761
VZ,2019-03-04,0.08150648683365508
VZ,2019-03-05,0.0837537878787883
VZ,2019-03-06,0.09937874889086046
VZ,2019-03-07,0.10368401874023975
VZ,2019-03-08,0.11530297397769487
VZ,2019-03-09,0.09975774365821131
VZ,2019-03-10,0.0981451173353525
VZ,2019-03-11,0.11189346991037147
VZ,2019-03-12,0.04544323144104778
VZ,2019-03-13,0.05152415519399127
VZ,2019-03-14,0.053357292630280405
VZ,2019-03-15,0.07004480198019773
VZ,2019-03-16,0.08599149484536127
VZ,2019-03-17,0.09604342327150109
VZ,2019-03-18,0.08988640000000012
VZ,2019-03-19,0.09945760869565082
VZ,2019-03-20,0.08940650224215135
VZ,2019-03-21,0.0900233349538158
VZ,2019-03-22,0.05602389298893105
VZ,2019-03-23,0.04961648675171799
VZ,2019-03-24,0.0828642793196053
VZ,2019-03-25,0.03450559827745318
VZ,2019-03-26,0.037208582574773136
VZ,2019-03-27,0.057000773993807055
VZ,2019-03-28,0.0655044483362516
VZ,2019-03-29,0.08652810041213932
WFC,2019-03-04,0.27843333333333337
WFC,2019-03-05,0.26585
WFC,2019-03-06,0.64116
WFC,2019-03-07,0.16666666666666666
WFC,2019-03-08,0.31346666666666667
WFC,2019-03-09,0.14633333333333332
WFC,2019-03-11,0.09923333333333333
WFC,2019-03-12,0.00877000000000001
WFC,2019-03-13,0.14847500000000002
WFC,2019-03-14,0.2497875
WFC,2019-03-15,0.11676666666666671
WFC,2019-03-16,0.3620823529411765
WFC,2019-03-17,0.3184823529411765
WFC,2019-03-18,0.33599999999999997
WFC,2019-03-19,0.5199
WFC,2019-03-20,0.24223333333333333
WFC,2019-03-21,0.0625
WFC,2019-03-22,0.25
WFC,2019-03-23,0.00022222222222222242
WFC,2019-03-24,-0.15360000000000001
WFC,2019-03-25,0.08451111111111112
WFC,2019-03-26,0.15556499999999995
WFC,2019-03-27,0.04201666666666667
WFC,2019-03-28,0.07995840707964601
WFC,2019-03-29,0.033950442477876146
WMT,2019-03-04,0.0845
WMT,2019-03-05,0.13755625000000002
WMT,2019-03-06,0.133775
WMT,2019-03-07,0.08805714285714286
WMT,2019-03-08,0.13535999999999998
WMT,2019-03-09,0.07246153846153848
WMT,2019-03-10,0.472325
WMT,2019-03-11,0.11296666666666666
WMT,2019-03-12,-0.0251
WMT,2019-03-13,0.21358000000000002
WMT,2019-03-14,0.0
WMT,2019-03-15,0.17673
WMT,2019-03-16,0.22525
WMT,2019-03-17,0.18303333333333333
WMT,2019-03-18,-0.06619999999999998
WMT,2019-03-19,0.0
WMT,2019-03-20,0.27815
WMT,2019-03-21,0.11142222222222219
WMT,2019-03-22,0.09924285714285712
WMT,2019-03-23,0.14006499999999997
WMT,2019-03-24,0.1398473684210526
WMT,2019-03-25,0.19632658386389093
WMT,2019-03-26,0.16183174668448297
WMT,2019-03-27,0.19414574038665164
WMT,2019-03-28,0.18410049891539737
WMT,2019-03-29,0.17339465344277474
XOM,2019-03-04,0.08844917355371901
XOM,2019-03-05,0.09467475083056458
XOM,2019-03-06,0.22495231053604448
XOM,2019-03-07,0.08266291390728434
XOM,2019-03-08,0.12038609958506195
XOM,2019-03-09,0.0690850220264316
XOM,2019-03-10,0.057923560209424206
XOM,2019-03-11,0.10397603305785098
XOM,2019-03-12,0.145880821917808
XOM,2019-03-13,0.09732727272727255
XOM,2019-03-14,0.08498802395209558
XOM,2019-03-15,0.08628167938931286
XOM,2019-03-16,-0.03676452991452983
XOM,2019-03-17,-0.02325223880597018
XOM,2019-03-18,0.0417264761904761
XOM,2019-03-19,0.02688604118993142
XOM,2019-03-20,0.09018718535469074
XOM,2019-03-21,0.04723699186991849
XOM,2019-03-22,-0.11433712574850313
XOM,2019-03-23,-0.07181009771986974
XOM,2019-03-24,-0.045868398268398225
XOM,2019-03-25,0.09712274509803995
XOM,2019-03-26,0.11289617590822186
XOM,2019-03-27,0.08642609890109872
XOM,2019-03-28,0.05005113636363632
XOM,2019-03-29,0.07722607260726068
